#{"t_start": 1775412610.25416, "env_id": "None"}
r,l,t,raw_score,sequence_length
0.0,4,1.349276,0.0,4
112.27852,16,25.691898,1.1227851520203154,16
90.09802,32,49.315925,0.900980232040092,32
71.065254,16,79.417325,0.7106525105153846,16
87.78289,32,105.88968,0.8778289095439754,32
65.80609,8,134.658703,0.658060896046015,8
0.0,4,134.680183,0.0,4
117.44727,4,162.231295,1.1744727580657435,4
98.2596,16,192.0245,0.9825959939159183,16
94.93597,16,216.848625,0.9493596684400785,16
78.15345,8,240.577636,0.7815344647178488,8
0.0,4,240.603405,0.0,4
83.81603,8,273.832252,0.8381603484021252,8
108.79376,8,299.212881,1.08793760204371,8
71.596825,8,323.732748,0.7159682550253008,8
1.2759597,32,350.230796,0.01275959673364114,32
0.0,4,350.255471,0.0,4
116.09074,16,385.581419,1.1609073626758124,16
119.977165,4,420.365529,1.1997716798350782,4
119.47989,32,453.793773,1.1947988794601465,32
1.8995444,32,489.578012,0.01899544412724697,32
119.91468,32,525.810496,1.199146833516545,32
110.07148,16,561.937612,1.100714820496407,16
0.0,4,561.953792,0.0,4
1.4261223,32,594.578558,0.014261223435637066,32
105.875885,4,630.871553,1.0587588285500464,4
119.9199,16,667.964242,1.1991990081508568,16
48.158398,32,703.10626,0.4815839732422708,32
0.0,4,703.133235,0.0,4
0.8000358,16,739.093848,0.008000357464573938,16
98.57492,4,775.154696,0.9857492440656641,4
106.86678,8,809.840345,1.0686677969175673,8
40.03529,8,845.073403,0.4003529112326858,8
0.34031495,4,875.934621,0.0034031495276962737,4
1.4239594,32,908.970051,0.014239594074035042,32
17.29819,16,944.46521,0.1729818955497249,16
8.332334,32,976.995365,0.08332333403006574,32
0.65929246,16,1013.561275,0.006592924824216025,16
114.11177,8,1048.371459,1.1411176753656394,8
70.252174,32,1082.186464,0.7025217389844479,32
114.22355,8,1117.636118,1.1422354591782655,8
82.47791,32,1151.463629,0.8247791434597951,32
88.89905,32,1184.247209,0.8889905113137284,32
0.14315355,4,1214.050666,0.001431535478669654,4
59.67021,16,1246.361233,0.5967021197547407,16
118.13691,16,1278.622654,1.1813690745385328,16
2.7198353,32,1309.648579,0.027198353054715466,32
101.16527,8,1341.988759,1.0116526471984388,8
78.548,8,1374.548044,0.7854800001060742,8
94.91899,4,1405.847431,0.9491898825657781,4
98.63048,32,1438.337395,0.9863047804681213,32
119.82552,8,1469.598062,1.1982552393037473,8
1.4472822,32,1500.353628,0.014472822386009847,32
115.24622,8,1533.621623,1.1524622672372034,8
119.66268,16,1566.265501,1.1966268436907999,16
119.84617,8,1599.713793,1.1984616645475785,8
118.47262,4,1632.922338,1.1847261637249085,4
97.12709,32,1665.660131,0.9712708984081507,32
84.74343,4,1699.420628,0.8474342924699093,4
119.74953,16,1732.88181,1.1974952629151763,16
73.99312,4,1763.538146,0.739931175696011,4
90.10857,4,1794.326412,0.9010856329166115,4
88.00598,4,1826.448055,0.8800598502828638,4
119.74695,8,1858.744298,1.1974694521318252,8
46.47191,16,1892.741659,0.46471909812199097,16
105.399574,32,1926.219831,1.0539957482885745,32
43.27025,32,1958.618981,0.4327024741863018,32
92.73539,4,1992.004972,0.9273538846821959,4
2.519812,32,2024.159444,0.02519812010430991,32
116.823654,4,2058.021831,1.1682365731863673,4
0.0,4,2058.040593,0.0,4
78.74927,8,2093.462674,0.7874927096666258,8
77.04328,8,2127.194552,0.7704328279543465,8
97.299934,8,2160.031246,0.9729993482782865,8
66.68193,16,2193.426823,0.6668192750825133,16
81.24185,32,2226.921771,0.8124185062902152,32
97.75649,16,2260.097316,0.9775649045590085,16
72.37366,4,2291.384137,0.7237365508613773,4
0.0,4,2291.405443,0.0,4
119.889915,8,2324.722805,1.1988991192762202,8
83.41916,16,2359.100947,0.8341916092342805,16
115.29335,16,2393.526758,1.1529335393252367,16
69.12178,16,2428.178303,0.691217815113017,16
49.73272,4,2459.717203,0.49732718849390795,4
119.93403,4,2494.764768,1.1993402962101236,4
119.97053,8,2528.199744,1.1997052656591742,8
91.27743,4,2562.039043,0.9127742432876814,4
83.80782,4,2596.2856,0.8380782470537351,4
42.332752,16,2631.197527,0.4233275302321988,16
89.855125,16,2666.642103,0.8985512209927488,16
0.729901,16,2700.787753,0.0072990100112235124,16
114.67424,32,2733.131058,1.146742409066932,32
4.8134146,32,2764.299877,0.048134144286497836,32
86.581406,16,2797.762697,0.8658140767411984,16
111.2238,8,2831.339397,1.1122380388250843,8
119.2401,32,2862.48426,1.1924009934154196,32
0.0,8,2862.538521,0.0,8
105.22247,16,2897.217073,1.05222471004251,16
119.98065,4,2930.468213,1.1998065371246929,4
102.303314,8,2965.870219,1.0230331443439413,8
119.72583,32,2999.146636,1.197258325471543,32
119.91287,16,3032.542751,1.199128687027827,16
92.64882,32,3066.879596,0.9264881785052547,32
77.79053,16,3100.811522,0.7779052809218675,16
103.64511,4,3136.637867,1.0364511389931141,4
96.27657,32,3170.373977,0.9627656939890757,32
88.735695,8,3206.105469,0.8873569743160521,8
86.96744,32,3238.203904,0.8696743759787983,32
115.49982,32,3271.350921,1.1549982061864132,32
119.122345,16,3304.949355,1.191223431407994,16
119.87996,8,3338.888959,1.1987995689424227,8
100.118996,4,3373.684088,1.0011899617023525,4
89.56249,8,3406.537956,0.8956249488160457,8
85.69346,8,3441.284077,0.8569345672168488,8
47.595192,4,3474.098273,0.47595190700504136,4
112.79234,32,3507.351054,1.127923464402649,32
66.222336,4,3541.240361,0.6622233351545931,4
61.261425,4,3573.972871,0.612614248939108,4
83.42221,8,3609.001268,0.8342221385002482,8
71.6867,4,3644.41935,0.7168670103575803,4
119.79371,8,3677.124859,1.1979370969706236,8
99.227615,4,3710.639013,0.9922761673962706,4
74.752525,16,3744.911091,0.7475252820537586,16
89.12645,16,3777.989588,0.8912645091975764,16
110.390526,8,3812.804718,1.1039052203417106,8
61.30786,16,3848.57965,0.6130785987899191,16
60.020306,4,3883.028121,0.6002030730376909,4
2.6154752,32,3918.356818,0.026154752601228,32
115.58655,4,3948.446304,1.1558654516326108,4
68.073944,4,3971.357672,0.6807394638882087,4
106.416214,8,3993.998451,1.064162118765794,8
1.9858522,32,4016.763638,0.019858522265003547,32
64.52553,8,4040.826791,0.645255295232626,8
67.903206,8,4063.280215,0.6790320908098781,8
96.9615,8,4086.325204,0.9696150038447514,8
119.620766,8,4108.76894,1.1962076383196827,8
66.886246,32,4130.928431,0.6688624717411117,32
0.0,8,4154.401084,0.0,8
107.74122,16,4177.334073,1.0774121502510743,16
107.06441,8,4200.444354,1.0706440632608987,8
106.62483,8,4223.646311,1.0662483562606264,8
119.60418,16,4245.814294,1.1960417898253102,16
47.24047,4,4267.636114,0.4724047048309603,4
119.74699,8,4291.401971,1.1974698279723677,8
68.43177,8,4314.433659,0.6843176862197183,8
119.95692,4,4337.316161,1.1995691686278351,4
119.587425,16,4359.839271,1.1958742491533465,16
96.73113,4,4382.85136,0.9673113353540888,4
0.8627507,16,4405.457226,0.008627507386966814,16
68.67373,4,4428.330823,0.6867372516398469,4
0.0,16,4452.360923,0.0,16
69.29667,16,4485.404315,0.6929667252321939,16
81.02358,16,4519.323223,0.8102358063826326,16
94.022026,32,4554.989223,0.9402202585682087,32
119.85022,8,4588.287129,1.1985022311531026,8
58.875576,8,4622.739288,0.5887557725163792,8
116.99832,16,4656.963744,1.1699832201315705,16
119.618004,16,4692.054203,1.1961800463566334,16
119.86956,8,4725.879183,1.1986956054320883,8
119.904465,4,4761.501989,1.1990446406636044,4
119.893555,8,4796.268865,1.1989355361952212,8
119.725204,16,4829.446274,1.1972520424553026,16
112.47531,32,4862.608932,1.1247530974983326,32
119.37964,32,4896.825909,1.1937964157240057,32
119.945015,4,4931.649299,1.199450172220902,4
2.4148538,32,4965.425991,0.024148539278789412,32
119.92432,8,5000.724977,1.1992431724326214,8
68.02816,4,5033.987728,0.6802816003560882,4
110.77366,8,5066.841557,1.107736619880217,8
1.144619,32,5100.44639,0.011446190136966211,32
114.1972,8,5134.950545,1.1419719923457543,8
115.50108,16,5170.736084,1.1550108718347782,16
68.34532,32,5205.212801,0.6834531790594067,32
119.730255,16,5239.098475,1.1973025607517744,16
0.0,4,5239.11017,0.0,4
89.06324,8,5275.021734,0.8906323835048975,8
75.52579,8,5311.689694,0.7552579011034729,8
54.38465,16,5347.03162,0.5438465007752779,16
96.01918,16,5382.177096,0.9601918009069617,16
88.593765,16,5416.846289,0.8859376340392665,16
0.0,4,5417.369579,0.0,4
107.51889,16,5451.752454,1.075188893378759,16
96.25452,8,5487.16525,0.9625451424232707,8
87.641655,32,5520.940231,0.876416561273182,32
119.87372,16,5555.945169,1.1987371679791716,16
58.88289,4,5591.305655,0.5888288833863867,4
100.49141,8,5626.342765,1.0049140891798152,8
94.48308,32,5660.476327,0.944830753498889,32
83.61096,32,5695.543888,0.836109638570516,32
102.05813,16,5729.662013,1.0205812496980702,16
77.44161,4,5765.361235,0.7744161231013335,4
94.87679,8,5800.392753,0.948767950988407,8
112.304794,32,5836.520951,1.1230479205451882,32
119.99509,8,5869.575174,1.199950851690054,8
95.95119,4,5904.26524,0.9595118367098231,4
119.964294,8,5938.247356,1.1996429563175053,8
115.36224,4,5972.325069,1.153622428219354,4
109.95192,8,6007.441928,1.0995191876519403,8
117.96554,32,6042.041135,1.1796553761391613,32
114.28907,8,6077.899472,1.1428906941513477,8
93.000465,16,6112.024169,0.9300046553125225,16
101.89326,4,6145.505144,1.0189325394205098,4
58.822212,4,6177.245639,0.5882221197875882,4
65.56919,16,6208.416869,0.6556918871817091,16
75.12579,4,6230.130536,0.7512579409320419,4
96.4437,4,6253.302229,0.9644370019138023,4
119.42565,16,6276.305197,1.194256552225887,16
86.33629,8,6299.53031,0.863362884361186,8
30.514395,4,6322.531359,0.30514395173257025,4
119.784004,32,6346.000863,1.1978400357831043,32
119.71027,16,6369.143004,1.1971027172591022,16
6.756911,32,6395.210408,0.06756910941204224,32
69.79865,8,6430.401634,0.6979864979430824,8
79.30733,8,6466.122819,0.7930733085123137,8
98.91266,16,6502.516171,0.9891266002541834,16
95.66246,4,6536.290562,0.9566245902180089,4
0.0,4,6536.309571,0.0,4
119.83007,16,6570.239865,1.1983006818984665,16
110.11042,8,6605.100655,1.1011041862244515,8
79.82512,8,6639.992687,0.798251160248492,8
119.43672,16,6675.286783,1.194367225271753,16
47.92611,32,6710.271513,0.4792610850348688,32
78.66805,8,6744.670928,0.7866804949854147,8
39.23611,4,6779.390549,0.39236109510007267,4
0.0,4,6779.406696,0.0,4
73.64593,8,6813.723395,0.7364592484234151,8
69.27225,8,6848.893366,0.6927224714945168,8
113.008224,8,6883.869816,1.1300822680290252,8
119.73696,16,6918.997809,1.1973696353005416,16
104.905876,4,6953.660961,1.0490587386800105,4
49.20931,16,6987.301977,0.49209309501068405,16
106.681465,16,7023.700849,1.0668146359802457,16
91.607155,32,7058.74328,0.9160715225784292,32
87.13727,4,7094.948228,0.8713727085282034,4
0.0,4,7094.965971,0.0,4
102.995804,32,7131.183245,1.029958074851177,32
101.57234,8,7165.785414,1.0157233957449354,8
81.07496,16,7200.891,0.8107496146862132,16
111.67318,8,7236.730526,1.1167318332291511,8
80.81291,16,7272.596211,0.8081291229749311,16
72.03277,32,7307.784147,0.7203276554170062,32
119.95399,4,7341.751091,1.1995398895928764,4
80.058914,32,7378.210659,0.800589145882413,32
3.5435677,32,7412.892215,0.03543567631929295,32
72.5613,32,7449.390848,0.7256129948956772,32
0.0,4,7485.499976,0.0,4
108.62595,8,7522.020241,1.086259551451575,8
119.944855,8,7556.516169,1.1994485630562919,8
107.78474,16,7591.271564,1.0778473645700495,16
90.24857,8,7624.68645,0.9024857472288952,8
0.0,4,7624.716641,0.0,4
42.742603,8,7659.584565,0.42742601463922114,8
119.77283,8,7695.275971,1.1977282560186602,8
0.0,8,7730.398368,0.0,8
97.20084,4,7765.20269,0.9720084250866612,4
109.084816,4,7800.04588,1.0908481653974467,4
91.478645,8,7832.522216,0.9147864312489071,8
95.58172,8,7867.32468,0.9558171682351698,8
84.080246,4,7901.984747,0.8408024318178797,4
119.9625,4,7938.20919,1.1996250231924208,4
77.40323,16,7974.625387,0.7740323155372552,16
119.9962,8,8009.256469,1.1999619687039045,8
119.11531,32,8043.129077,1.1911530816465803,32
37.09358,16,8077.772542,0.3709357950506867,16
65.02507,32,8112.818128,0.6502507030802724,32
0.7065166,16,8146.796994,0.0070651662130791085,16
81.53352,8,8182.160497,0.8153352608994356,8
114.930046,4,8216.545391,1.1493004846520476,4
100.39796,32,8250.994061,1.0039795482641825,32
53.128773,4,8285.539594,0.5312877190638271,4
0.0,4,8320.556921,0.0,4
103.91105,16,8355.719528,1.0391104565674179,16
119.899414,8,8391.25752,1.1989941142929583,8
117.80993,4,8427.344086,1.1780992859105306,4
106.163895,32,8462.381461,1.0616389387904757,32
113.2516,32,8496.300429,1.1325160579037115,32
119.93548,8,8530.785047,1.1993548180157765,8
67.848114,16,8565.955155,0.6784811218959246,16
119.91616,8,8601.360076,1.1991616391423532,8
82.31262,16,8637.228576,0.8231262329847182,16
73.1173,16,8673.014203,0.731173052317264,16
94.71395,16,8708.545022,0.9471395350754267,16
119.23858,4,8743.531359,1.1923857881324291,4
112.78914,16,8778.627667,1.1278913623163316,16
94.611015,32,8813.66005,0.9461101767819587,32
75.2269,32,8848.839787,0.7522689604712237,32
119.956154,4,8883.281707,1.1995615006240645,4
105.70458,16,8918.924409,1.0570458153428748,16
100.68129,16,8953.956662,1.0068128612154708,16
0.0,8,8954.627795,0.0,8
0.0,16,8954.668553,0.0,16
109.021126,16,8988.940851,1.090211221022083,16
63.33619,32,9023.153745,0.6333619070603167,32
118.5453,16,9056.514084,1.1854530219334027,16
0.0,8,9056.550694,0.0,8
95.70492,4,9091.119798,0.9570491820898714,4
67.274895,32,9126.009835,0.672748979336196,32
102.50353,32,9161.303968,1.02503531703454,32
46.18613,32,9197.471915,0.46186128860756304,32
96.621704,32,9233.027357,0.9662170220628907,32
80.16716,32,9267.394251,0.8016716055896937,32
117.6299,8,9301.076546,1.1762989627945417,8
97.54847,32,9335.025071,0.9754846926063175,32
104.95243,16,9371.186793,1.0495243361523643,16
43.810986,4,9406.072768,0.43810984151582316,4
89.017715,16,9442.322599,0.890177179473251,16
119.01099,8,9477.538254,1.1901098854386742,8
0.0,8,9477.580848,0.0,8
89.76998,4,9511.923393,0.8976998480879718,4
0.0,8,9511.9577,0.0,8
55.78721,8,9545.437171,0.5578720736000737,8
95.72142,32,9581.042295,0.9572142220412386,32
0.0,4,9581.058446,0.0,4
106.74684,16,9615.73466,1.0674684394951703,16
113.954094,4,9649.422045,1.1395409299407084,4
102.69014,4,9684.43943,1.0269013750065588,4
103.90792,16,9719.356931,1.0390791754127733,16
88.14576,16,9752.438014,0.881457633404619,16
80.55706,32,9787.406585,0.8055706283250235,32
78.49246,16,9821.70228,0.7849246428522567,16
12.789298,32,9857.525493,0.12789297844425676,32
78.63828,16,9893.118181,0.7863828438137197,16
93.55581,8,9928.940325,0.9355580536711562,8
16.850227,32,9964.174221,0.1685022821953862,32
119.59604,16,9997.931974,1.1959603562885717,16
0.0,4,9997.947331,0.0,4
106.97123,32,10033.888963,1.0697122714647387,32
82.55877,32,10070.016738,0.8255876923905454,32
109.45593,32,10104.889769,1.0945592934769746,32
119.966446,4,10140.49509,1.1996644797641707,4
93.69969,8,10174.936471,0.9369969168995892,8
60.196934,16,10208.879372,0.601969341728837,16
35.23441,4,10244.280064,0.3523440898678054,4
119.864716,8,10280.370328,1.1986471406540473,8
109.98277,16,10313.584061,1.0998277482719203,16
75.166115,8,10348.860395,0.75166113534726,8
35.113132,4,10385.097872,0.3511313322199122,4
84.55399,16,10421.18491,0.8455399659720333,16
110.27524,4,10455.431104,1.10275235791551,4
111.51652,32,10490.026975,1.115165185493937,32
91.26246,32,10525.612295,0.9126245600692635,32
82.40904,16,10561.142699,0.8240904118076766,16
96.58951,16,10595.70092,0.9658950914458926,16
113.52662,4,10629.678343,1.1352661842132983,4
53.759827,16,10664.826942,0.5375982761043138,16
59.326157,8,10700.26298,0.5932615832078202,8
0.0,16,10736.166124,0.0,16
117.76111,8,10769.706335,1.1776110526389363,8
86.61109,16,10805.935529,0.8661109457435578,16
89.22494,32,10840.638461,0.8922493594617165,32
85.668625,8,10876.861019,0.8566862733039822,8
114.395744,16,10911.571084,1.1439574136849966,16
119.69072,16,10945.812445,1.1969072144115187,16
108.3637,16,10979.718027,1.0836369827209287,16
119.99439,16,11015.253824,1.1999439466551185,16
118.1841,8,11050.6356,1.1818409615309349,8
71.21889,32,11086.53066,0.7121888465767392,32
74.69643,4,11121.988047,0.746964261314902,4
99.41903,16,11157.899168,0.9941902591915465,16
111.899124,8,11192.78116,1.1189912284759245,8
0.0,8,11228.487256,0.0,8
25.280033,4,11265.270021,0.2528003243912841,4
118.95416,16,11300.708719,1.1895416321481769,16
95.65221,32,11336.79235,0.9565220765590557,32
57.177467,32,11371.465151,0.5717746573290095,32
96.60653,16,11406.303631,0.9660653043502937,16
77.49198,32,11441.583346,0.7749198166573238,32
111.55754,16,11477.663146,1.115575386521784,16
98.20863,16,11512.948615,0.9820863399207783,16
49.586475,16,11546.569432,0.4958647381654936,16
85.770256,8,11580.97496,0.8577025415987222,8
58.811523,8,11616.815512,0.5881152274545179,8
54.173904,16,11652.943922,0.5417390465252787,16
101.28538,32,11687.142845,1.0128537776396398,32
76.49028,32,11722.959918,0.7649028360019384,32
96.90474,8,11759.064905,0.969047386509857,8
112.433975,32,11792.370581,1.1243397825071055,32
116.75559,16,11829.311162,1.1675559199807575,16
79.0153,16,11863.932129,0.7901529489760608,16
107.15144,16,11898.749478,1.0715143995717118,16
0.0,4,11898.765115,0.0,4
119.96757,4,11935.477178,1.1996756942136284,4
108.29167,4,11970.777229,1.0829167303604201,4
119.997284,4,12006.780515,1.199972815086073,4
76.50483,32,12043.448537,0.7650483311542385,32
61.69439,16,12079.965547,0.6169438868682662,16
118.71298,8,12115.182632,1.1871298372694612,8
112.71969,8,12149.242289,1.1271968974140212,8
89.98042,16,12184.268075,0.8998042246802795,16
71.86465,4,12219.755692,0.7186465026931353,4
116.25314,32,12254.75209,1.1625314648202068,32
100.39664,32,12290.193192,1.0039663590364214,32
119.812996,16,12325.606971,1.1981299921516464,16
98.56663,4,12360.976292,0.9856662935292266,4
68.48551,16,12395.126055,0.6848550964483622,16
94.87375,4,12429.778415,0.9487374556003499,4
119.28938,32,12463.928396,1.1928938227875896,32
95.95629,8,12499.932992,0.959562885654155,8
109.30356,8,12535.619313,1.0930355760725456,8
119.46106,16,12570.533598,1.1946106237199303,16
119.67278,8,12604.904426,1.1967278368191014,8
57.25726,4,12639.783541,0.5725725873711256,4
108.887856,16,12675.610385,1.0888785878865224,16
0.0,4,12675.638794,0.0,4
101.75901,8,12711.517337,1.0175900823485884,8
77.0538,8,12746.360429,0.7705379876892204,8
0.0,4,12746.375372,0.0,4
45.416454,32,12781.188758,0.4541645431834612,32
98.92732,32,12817.02811,0.9892732149966337,32
118.96467,32,12852.994313,1.1896466857235022,32
119.60424,8,12888.819558,1.1960424018034084,8
86.85813,32,12924.730519,0.8685813435512804,32
119.861755,4,12960.565914,1.1986175672154187,4
39.372475,8,12995.821119,0.39372474842072064,8
0.0,8,12996.607315,0.0,8
116.470345,8,13033.026385,1.1647034124416538,8
104.74762,16,13069.409777,1.0474762253462893,16
106.06306,8,13105.831241,1.0606305910734177,8
119.149704,4,13140.010528,1.1914970101580507,4
102.78388,16,13175.127169,1.0278388486941141,16
92.53847,4,13211.506499,0.9253846550953612,4
75.18335,16,13247.392111,0.7518334701501762,16
119.80501,32,13283.599175,1.1980500616643917,32
69.19995,16,13318.238485,0.6919995189830126,16
100.77971,8,13352.367725,1.0077971088273006,8
119.85979,8,13386.283209,1.1985978949603138,8
89.56483,8,13421.021347,0.8956482781916655,8
119.84395,4,13456.62448,1.1984394783781755,4
96.51439,16,13491.297172,0.9651438558854791,16
117.99499,32,13528.2282,1.1799499067295385,32
109.22007,4,13562.7019,1.0922006967872144,4
2.0270462,32,13597.346502,0.020270461524929177,32
119.9316,16,13632.534509,1.1993160044620026,16
88.08503,16,13668.186046,0.8808503264555971,16
100.45469,16,13703.524598,1.0045469227054824,16
111.70121,16,13738.922657,1.117012065788884,16
96.600716,32,13774.086115,0.9660071723065915,32
99.43155,32,13809.247488,0.9943155226558823,32
63.40793,32,13844.934687,0.634079272902968,32
93.326675,4,13879.283444,0.9332667680357317,4
100.849785,16,13915.239758,1.008497825859693,16
111.003265,4,13950.060774,1.1100326231114932,4
119.50411,32,13985.22281,1.1950411042099143,32
112.22769,16,14021.152501,1.1222769191104545,16
103.608955,8,14056.047419,1.03608958226501,8
69.28921,32,14091.513159,0.692892063257802,32
49.81731,16,14127.604387,0.4981730976650846,16
0.0,4,14127.622615,0.0,4
112.064865,32,14164.017344,1.120648665975778,32
90.505455,32,14201.331095,0.9050545615723689,32
119.285095,32,14236.682419,1.192850947271029,32
70.11419,4,14272.554303,0.7011419203461609,4
116.01892,16,14308.696979,1.160189213142734,16
103.346985,8,14343.655587,1.033469865456059,8
47.12405,32,14378.885847,0.47124052013218626,32
0.0,4,14378.918234,0.0,4
118.939606,32,14415.437006,1.1893960234379797,32
102.7147,32,14451.605492,1.0271470179657902,32
102.38865,4,14486.578928,1.0238864768123905,4
70.111206,16,14522.963109,0.7011120809229019,16
119.89167,4,14558.118289,1.1989166779880145,4
118.4843,32,14593.937514,1.1848429763402353,32
105.62446,8,14631.0943,1.056244568728354,8
119.24426,16,14666.768269,1.192442655213549,16
113.64765,16,14702.891252,1.1364764882202916,16
77.447945,16,14737.201278,0.7744794840119182,16
76.25682,32,14773.020468,0.7625681831079364,32
31.94817,16,14808.981133,0.31948169387437503,16
0.0,4,14808.996604,0.0,4
119.77239,16,14845.407692,1.197723903143147,16
119.90903,4,14882.24325,1.1990902747750198,4
70.60921,16,14917.153478,0.7060920698545767,16
107.465805,16,14954.004163,1.0746580327241726,16
98.25965,32,14989.253602,0.9825965470546448,32
105.43587,16,15024.529047,1.054358641980135,16
69.845726,16,15059.650471,0.6984572654677818,16
113.299255,32,15095.033211,1.132992558563992,32
87.077225,16,15130.593334,0.8707722336452243,16
119.96905,4,15165.520312,1.1996904566912756,4
113.15011,4,15201.680043,1.1315010487962511,4
88.58916,32,15238.31713,0.8858915589407091,32
119.73696,8,15270.942748,1.197369617776968,8
85.0982,16,15307.065235,0.8509819982456696,16
100.18715,32,15341.623218,1.0018714720268793,32
107.05534,32,15376.952991,1.0705534083205692,32
75.23883,4,15412.949691,0.7523882675876544,4
82.84761,16,15448.208688,0.8284761136929297,16
113.750275,8,15484.429657,1.1375027714484607,8
93.2523,16,15518.890657,0.9325229983437531,16
111.964325,32,15555.080856,1.1196432129744958,32
0.0,16,15590.647199,0.0,16
118.51835,4,15625.388521,1.185183491703411,4
78.53952,4,15661.485691,0.7853951664458885,4
51.006855,4,15696.52449,0.5100685523361819,4
119.8366,8,15732.022354,1.1983660400734761,8
73.226845,8,15767.124661,0.7322684716424733,8
50.993313,16,15803.045987,0.5099331169697723,16
64.63395,4,15838.995059,0.646339530865866,4
96.82891,8,15873.132695,0.9682890994000409,8
86.18848,16,15910.770253,0.8618847534217073,16
116.64192,16,15946.288197,1.1664192104712612,16
77.71275,32,15981.569621,0.7771275291594575,32
45.31386,4,16015.699616,0.45313861134753597,4
109.75366,32,16051.264047,1.0975366432120528,32
95.6457,32,16087.598467,0.9564570167765808,32
118.759636,16,16123.637607,1.187596390206967,16
47.781395,32,16159.165602,0.47781395543853267,32
77.17648,4,16195.95736,0.7717648292764918,4
86.72969,4,16229.750173,0.8672969177334761,4
111.94278,16,16264.763814,1.1194277665086068,16
105.15672,32,16301.207306,1.0515672131122298,32
70.213806,4,16337.375894,0.7021380436942066,4
102.63374,16,16373.693028,1.0263374295570473,16
83.05972,32,16410.553375,0.8305972498800896,32
77.70158,8,16445.266298,0.7770157755879075,8
96.3132,16,16481.443286,0.9631319847933959,16
117.934875,4,16517.039172,1.1793487844109103,4
101.461136,8,16553.015162,1.014611320667289,8
0.0,16,16587.63642,0.0,16
116.74136,32,16623.715054,1.16741365257893,32
82.5476,32,16659.877732,0.8254760278207207,32
119.98688,4,16694.943819,1.1998688020819324,4
85.41899,32,16730.362983,0.8541899365600637,32
119.98158,8,16766.356606,1.1998158172153464,8
96.98215,4,16803.560047,0.9698214659523859,4
98.68284,4,16839.530627,0.9868283506115623,4
119.725464,8,16876.449843,1.1972546447147456,8
87.19303,16,16911.734695,0.8719302954510283,16
105.55591,8,16945.961778,1.0555590991503117,8
119.89173,4,16982.648427,1.1989172973870674,4
113.854416,32,17019.135829,1.138544127757885,32
119.94044,4,17056.597166,1.1994043922363575,4
119.020096,32,17093.963937,1.1902009701089986,32
0.0,32,17129.6453,0.0,32
114.84061,32,17163.361532,1.148406078579151,32
111.76849,4,17198.961072,1.1176849347212605,4
32.799767,4,17234.762215,0.3279976692824956,4
120.00123,16,17270.073335,1.20001231912811,16
104.572075,32,17305.809112,1.0457207448948573,32
113.933235,32,17343.29214,1.1393323874726002,32
119.04115,32,17379.495913,1.1904115365652546,32
119.9417,16,17415.823977,1.1994170426874553,16
0.0,4,17415.850652,0.0,4
116.35514,16,17451.038455,1.1635514352910974,16
54.932327,16,17486.627496,0.5493232888207839,16
119.93666,4,17523.64593,1.199366629235017,4
67.60782,8,17560.006437,0.6760782064528711,8
118.9547,16,17597.582846,1.1895469787486668,16
92.94841,16,17633.229475,0.9294841077777677,16
102.52286,8,17668.48283,1.0252286089403009,8
0.0,32,17705.025218,0.0,32
0.0,4,17705.046684,0.0,4
0.0,8,17705.771687,0.0,8
113.35544,4,17740.016098,1.1335543769582905,4
56.176792,16,17776.132654,0.5617679243442161,16
113.22924,8,17812.747729,1.1322923974665693,8
114.59194,16,17848.731676,1.1459194424920343,16
0.0,8,17848.777475,0.0,8
0.0,4,17848.791289,0.0,4
119.11964,4,17884.066144,1.1911963833453463,4
56.6642,4,17919.433992,0.5666419964665688,4
119.98633,4,17954.973066,1.1998632706086438,4
112.28938,32,17991.123679,1.1228938403905455,32
85.7493,32,18026.787603,0.8574930146090528,32
96.38194,4,18061.582774,0.9638194164243473,4
111.88218,8,18098.115789,1.1188217741202588,8
119.73471,8,18133.885963,1.197347081905181,8
82.1338,16,18170.38122,0.8213379600191048,16
78.16457,8,18206.746784,0.7816457492307828,8
94.10941,32,18242.173162,0.941094109175476,32
119.001884,8,18279.66545,1.1900188405493686,8
69.88708,32,18316.339122,0.6988707761498748,32
110.498436,32,18353.543687,1.104984367105004,32
119.64581,8,18388.394604,1.1964581326697161,8
98.57114,8,18424.73108,0.985711337978332,8
0.0,32,18462.596468,0.0,32
94.12088,16,18499.518127,0.9412087800132539,16
116.45772,4,18534.967192,1.1645772023945782,4
119.79015,16,18571.971128,1.197901542493671,16
119.80753,8,18606.304711,1.1980753582383323,8
119.85667,32,18643.486845,1.1985666941351267,32
104.32593,32,18679.364384,1.0432592822322282,32
111.11439,8,18715.592969,1.1111438659214414,8
115.65941,4,18751.447994,1.1565940922579379,4
118.196594,8,18788.103877,1.1819659721129177,8
0.0,4,18788.120888,0.0,4
115.347565,16,18824.380215,1.1534756596403175,16
98.434746,4,18860.219144,0.9843474792387309,4
93.11022,32,18896.067043,0.9311022413569037,32
96.75394,16,18932.283463,0.9675393557131449,16
62.776844,8,18968.826062,0.6277684260638333,8
70.814354,4,19005.219596,0.7081435655474496,4
77.53351,16,19041.172759,0.775335073856342,16
18.346247,16,19077.688015,0.18346246284875578,16
92.28024,8,19112.436752,0.9228024397032829,8
119.70455,16,19148.247884,1.1970455247893812,16
68.521416,32,19184.779348,0.6852141741386597,32
99.89916,32,19220.914174,0.9989916250391,32
93.19363,16,19256.95552,0.9319362429180407,16
119.689476,4,19293.017129,1.1968947857967818,4
101.8339,8,19328.850524,1.0183390109404398,8
71.622826,32,19365.703785,0.7162282850202936,32
97.38997,8,19402.105526,0.9738996729842998,8
114.55075,32,19437.569968,1.1455074775975949,32
111.9672,32,19473.792358,1.119672048355483,32
76.53603,32,19511.179859,0.7653603419752767,32
119.85204,8,19547.991309,1.1985204261152658,8
111.42024,32,19583.117275,1.1142024319016999,32
117.86051,8,19618.376604,1.1786051247515972,8
84.2289,4,19654.855843,0.8422889345325105,4
119.88544,4,19691.416035,1.1988544038339595,4
119.68815,16,19729.125917,1.196881508222911,16
103.34315,32,19765.856465,1.0334314518819285,32
0.0,4,19765.86874,0.0,4
119.711754,8,19801.220203,1.1971175755536814,8
90.95397,4,19835.203865,0.9095397029200475,4
59.85044,8,19871.51276,0.5985044184746694,8
0.0,32,19906.641826,0.0,32
112.136696,8,19942.2921,1.1213669604423915,8
91.81495,4,19978.207571,0.9181494544260761,4
110.77336,8,20014.473299,1.1077335925901581,8
112.019455,4,20051.42894,1.120194513425895,4
0.0,8,20051.468532,0.0,8
119.98055,4,20087.675669,1.1998054972529593,4
110.56915,32,20123.840579,1.105691521650594,32
52.497826,16,20159.353699,0.5249782411380475,16
78.695816,8,20194.082341,0.7869581416975008,8
0.0,4,20231.192628,0.0,4
71.342316,16,20267.801913,0.7134231259778018,16
102.35308,32,20305.143651,1.0235308070298643,32
101.87967,8,20340.345465,1.0187966596777,8
106.06347,16,20377.073657,1.0606346564492173,16
52.616505,8,20414.078265,0.5261650527247759,8
31.05748,32,20450.17881,0.31057479620858314,32
104.080444,16,20486.401676,1.040804477752288,16
83.71032,4,20523.398538,0.8371031659915351,4
83.39883,8,20558.536175,0.8339883018065486,8
119.79741,8,20594.815223,1.1979740789909528,8
87.61265,32,20631.866024,0.8761264604477565,32
0.0,4,20631.884925,0.0,4
119.99777,4,20668.134058,1.1999777204177362,4
100.84657,32,20704.750162,1.008465715440392,32
90.84378,16,20740.980294,0.9084377699824264,16
0.0,4,20741.005792,0.0,4
119.94959,8,20776.828876,1.1994959110034236,8
108.92773,32,20814.462425,1.0892772950357892,32
90.437614,32,20850.125686,0.9043761200379845,32
108.97115,32,20887.265399,1.0897115677408327,32
73.71635,8,20924.01497,0.7371634520462368,8
108.34038,16,20961.219633,1.083403806954766,16
108.869316,32,20998.375032,1.0886931622992766,32
111.58405,16,21033.362377,1.1158404998133928,16
54.85217,8,21070.055342,0.548521677343213,8
119.77025,8,21106.594118,1.1977024904646314,8
0.0,4,21106.622563,0.0,4
103.74833,8,21142.330906,1.0374832656440023,8
118.02961,32,21179.291301,1.1802961055707653,32
119.76464,8,21216.170901,1.1976463796589838,8
73.16085,4,21251.963838,0.7316085041402719,4
119.973206,16,21288.787943,1.199732087186863,16
118.39082,32,21326.339068,1.1839082600554829,32
105.630974,8,21362.168959,1.0563097729939448,8
119.09566,32,21397.940669,1.1909565660944508,32
112.86026,32,21437.285138,1.1286026357735797,32
0.0,4,21473.216286,0.0,4
58.76438,4,21506.058806,0.5876438106926325,4
92.49564,16,21543.386809,0.924956454758711,16
106.883026,32,21580.890976,1.06883027303009,32
119.86039,4,21617.637651,1.1986038984916763,4
0.0,4,21617.654326,0.0,4
104.5309,16,21653.616529,1.0453090281017832,16
104.98339,32,21691.278206,1.0498338773929445,32
74.019066,4,21726.262989,0.7401906566483126,4
73.36124,32,21762.478035,0.7336123429905932,32
40.501293,4,21799.797919,0.4050129354914179,4
109.478226,32,21838.437383,1.094782227370995,32
0.0,32,21873.840912,0.0,32
105.08153,8,21910.543787,1.0508152860026327,8
104.94229,8,21946.559667,1.049422918728623,8
94.29122,4,21983.262703,0.9429122520958277,4
76.356445,4,22019.470703,0.7635644815117617,4
115.059586,4,22056.086262,1.1505958636363618,4
102.94268,16,22093.868366,1.0294268116827774,16
119.837326,4,22127.846113,1.1983732634930797,4
119.64026,4,22164.740779,1.1964025741454936,4
76.77588,16,22200.361393,0.7677587680557548,16
59.6405,4,22235.188351,0.5964049763844114,4
117.62611,16,22272.788369,1.1762610643729563,16
0.0,4,22272.806069,0.0,4
113.158905,16,22309.776377,1.1315890278348475,16
62.241116,16,22346.71235,0.622411150876856,16
61.17218,32,22383.39333,0.6117218142252523,32
35.833065,4,22420.015116,0.35833066803393204,4
112.07694,16,22457.180468,1.1207694021739447,16
96.24861,8,22492.786837,0.9624861151913052,8
108.76579,8,22529.714018,1.0876579207286003,8
94.43438,8,22567.325852,0.9443438156730662,8
119.396484,16,22605.550632,1.1939648350785648,16
119.88056,4,22643.497543,1.1988056468365045,4
54.009995,4,22680.723365,0.5400999274113079,4
48.626446,32,22718.21873,0.4862644570896025,32
79.46601,16,22755.285183,0.7946601452009784,16
119.7871,8,22793.422384,1.1978709860556966,8
92.787415,8,22829.577005,0.9278741112018078,8
38.70963,16,22865.30935,0.38709629726911815,16
98.08356,32,22902.434929,0.9808355938102796,32
78.973434,8,22938.694617,0.7897343126555352,8
86.87186,4,22974.542088,0.8687185296413837,4
110.62327,16,23009.660507,1.1062327184766012,16
115.42291,4,23047.353346,1.1542291368101736,4
110.59857,8,23085.711364,1.105985719793723,8
110.62827,32,23121.565339,1.1062827491428178,32
116.12552,8,23157.87348,1.1612552113536405,8
106.53003,16,23192.726747,1.065300274622641,16
95.10665,8,23228.071616,0.9510664887928701,8
114.16996,8,23263.979337,1.1416996162239226,8
118.99256,8,23302.279643,1.189925627882774,8
110.04389,16,23341.646904,1.100438929851493,16
103.525955,8,23377.91469,1.0352595703029237,8
105.29171,32,23414.406618,1.052917101582711,32
100.61034,16,23451.824218,1.006103348304305,16
80.28305,4,23489.258948,0.8028305099308659,4
87.77971,16,23526.800009,0.8777971090304724,16
112.92611,16,23564.023802,1.129261114309044,16
79.93305,32,23601.55215,0.799330492915996,32
111.566055,4,23636.282323,1.115660518634211,4
116.85504,16,23672.712992,1.168550446723341,16
111.336044,32,23710.195024,1.1133604289970525,32
56.982746,32,23747.347195,0.5698274460031305,32
119.9315,32,23783.962016,1.1993150134885717,32
98.20952,16,23823.298507,0.9820951595268643,16
65.98723,16,23860.515339,0.6598723021983426,16
93.72584,32,23898.529446,0.9372583794244544,32
119.69085,32,23936.768338,1.1969085271464768,32
110.18231,4,23971.951454,1.1018230844193944,4
114.62799,32,24010.547882,1.146279941762461,32
111.89217,32,24047.070478,1.1189217101115139,32
117.38174,16,24085.530458,1.1738173626430828,16
92.89582,16,24123.7672,0.9289581756892431,16
96.12414,8,24160.346417,0.9612413612037682,8
84.16331,32,24197.8764,0.8416330564641454,32
66.65069,8,24235.441044,0.6665068469915,8
104.35826,8,24272.102968,1.0435825852067546,8
119.94074,8,24308.567994,1.199407417801565,8
102.77715,16,24346.137092,1.0277714993493787,16
111.05935,8,24382.268497,1.1105935130759308,8
92.204735,32,24419.811378,0.9220473359533583,32
74.172,8,24457.14083,0.7417199590891995,8
119.64357,32,24494.871868,1.1964357079591825,32
96.870895,16,24531.796089,0.9687089410752637,16
119.66767,16,24570.933637,1.196676702309474,16
84.89167,32,24606.411767,0.8489167205777838,32
0.0,4,24606.435582,0.0,4
119.80107,16,24642.166976,1.1980107173260846,16
0.0,4,24642.204279,0.0,4
0.0,8,24642.93245,0.0,8
97.029884,16,24679.68305,0.9702988691934928,16
67.96758,8,24716.093659,0.6796758389766632,8
43.409203,4,24752.039473,0.43409201745648063,4
0.0,4,24789.92893,0.0,4
59.25024,32,24825.808696,0.5925023874294836,32
78.31738,8,24861.72506,0.7831737926071718,8
108.573265,32,24898.282141,1.0857326264300928,32
119.54675,8,24935.364135,1.195467543298563,8
119.9398,8,24972.572921,1.1993979357199094,8
78.76238,4,25008.021019,0.7876238436903316,4
119.604546,8,25047.184973,1.1960454292626528,8
116.553505,8,25083.713743,1.1655350509427647,8
81.22849,8,25118.487678,0.8122849008963573,8
77.50142,4,25155.898953,0.7750142227589434,4
107.058525,4,25193.350614,1.0705852255155122,4
78.04812,4,25229.098587,0.7804812112189625,4
70.69146,4,25264.220214,0.7069146171643637,4
71.40964,32,25302.350893,0.7140963443985407,32
90.85728,8,25339.629197,0.9085727608423662,8
111.32127,16,25376.383792,1.1132127422693345,16
114.99802,8,25413.062722,1.1499801628918327,8
92.85185,8,25451.388266,0.9285185428731877,8
111.65236,16,25489.830076,1.1165235858920923,16
109.38077,16,25529.296469,1.0938076423848868,16
61.158306,8,25565.78448,0.6115830779027105,8
119.89627,4,25603.417353,1.1989626779849591,4
93.13162,32,25640.768475,0.9313162386048288,32
96.45363,32,25678.740878,0.9645362745445186,32
77.97071,8,25715.384989,0.7797071341259687,8
101.858,8,25752.472596,1.0185800549603155,8
119.93637,4,25789.931619,1.1993637397496162,4
119.77143,16,25827.559928,1.1977143085812538,16
84.91521,4,25862.71403,0.8491520872266698,4
88.45511,8,25899.32299,0.8845510873265165,8
59.800484,4,25936.93413,0.598004821911262,4
115.807785,16,25976.133379,1.1580778533528766,16
119.97439,4,26013.628747,1.1997438861493395,4
102.7201,16,26050.81147,1.0272010143635233,16
73.47029,4,26087.697151,0.7347028979349379,4
89.65455,32,26124.468499,0.8965454974908622,32
111.1232,4,26162.759604,1.111231975187415,4
118.40636,4,26200.924687,1.1840636038007815,4
60.7126,32,26239.03873,0.607126010253088,32
81.27935,32,26275.580302,0.812793529869491,32
92.6837,32,26312.353288,0.9268370264795297,32
108.05627,16,26350.739042,1.0805626565035997,16
66.899345,4,26388.663985,0.6689934681010565,4
87.38646,8,26426.331022,0.8738645887941944,8
67.722916,16,26463.110825,0.6772291649992496,16
73.6842,32,26502.176445,0.7368419830361048,32
91.28091,16,26538.9972,0.9128090334612459,16
78.50541,32,26575.70146,0.7850541236688791,32
0.0,8,26576.518296,0.0,8
110.58761,8,26613.789186,1.1058760521268391,8
107.67549,8,26651.977767,1.0767548868064334,8
91.9242,16,26689.056187,0.9192420152338425,16
0.0,8,26728.285556,0.0,8
75.31657,4,26763.271814,0.7531656750023608,4
85.86595,32,26802.046318,0.8586595156973508,32
118.98062,32,26839.867001,1.1898062061492782,32
119.72841,8,26878.095078,1.1972840519072823,8
94.18247,8,26915.546576,0.9418247103890877,8
119.94223,4,26954.723569,1.1994222756742672,4
105.17984,8,26991.616704,1.0517983632714056,8
77.65017,32,27028.293335,0.7765016938914571,32
119.99619,8,27064.656541,1.1999619571693758,8
119.96424,16,27102.596765,1.199642400351039,16
63.64834,8,27140.928499,0.6364833963604928,8
96.258026,8,27178.001664,0.9625802637852554,8
80.32506,32,27215.054644,0.8032505614030285,32
76.959694,32,27253.563157,0.769596930200348,32
117.64826,16,27290.894233,1.1764826231642493,16
119.817055,32,27329.500953,1.1981705655071482,32
112.68726,32,27367.502982,1.1268726663996067,32
110.12081,32,27406.40347,1.1012080787969187,32
102.781555,32,27443.242142,1.0278155893890482,32
0.0,16,27443.315605,0.0,16
111.39552,8,27480.671495,1.113955233613297,8
119.78202,16,27518.942358,1.1978201725740778,16
0.0,4,27518.968846,0.0,4
105.2832,32,27556.898997,1.05283203925968,32
89.023224,8,27593.402523,0.8902322698434538,8
100.5049,4,27630.377173,1.0050489442449935,4
105.460556,8,27668.468184,1.0546055389080633,8
119.638855,8,27705.509135,1.1963885485646024,8
36.300053,4,27741.72347,0.3630005111502395,4
78.20709,4,27780.504241,0.7820709492039049,4
64.34183,4,27818.632471,0.6434182725515124,4
85.97624,8,27855.793564,0.8597623977995542,8
0.0,4,27855.811714,0.0,4
76.96993,8,27893.744239,0.7696993248222895,8
91.44443,16,27930.474792,0.9144442410856585,16
109.868065,8,27967.846178,1.098680678667979,8
28.531437,16,28004.978128,0.28531436304134705,16
17.504578,32,28043.246929,0.17504577643208785,32
110.449036,8,28082.866349,1.1044903300858229,8
111.27488,32,28122.076608,1.1127487729803602,32
64.16491,8,28160.034326,0.6416491216515035,8
81.28828,8,28197.538569,0.8128827431860927,8
0.2655655,4,28230.653711,0.0026556550828016104,4
26.59745,16,28266.864384,0.26597449926184646,16
118.70465,16,28306.051589,1.1870464726791121,16
0.0,4,28343.949644,0.0,4
0.0,4,28381.308228,0.0,4
43.960934,32,28419.934289,0.43960933183750417,32
0.0,16,28458.696862,0.0,16
52.265453,32,28495.06128,0.5226545435773697,32
49.294777,16,28531.852418,0.49294777167121745,16
50.029716,32,28570.22964,0.5002971735776581,32
57.34639,4,28608.436985,0.5734638947200568,4
98.97645,8,28645.648216,0.9897644925314301,8
78.96579,8,28682.896797,0.7896578691531669,8
72.26996,8,28720.54773,0.7226995651512887,8
90.98864,32,28759.308071,0.909886402948265,32
49.38544,4,28797.267947,0.4938544192323211,4
79.46822,32,28834.096086,0.7946822146199279,32
11.851915,16,28873.851254,0.11851915832026906,16
93.46051,16,28912.276737,0.9346050682538452,16
96.380325,8,28949.061427,0.9638032747963176,8
106.74138,8,28987.436316,1.0674138167621225,8
89.84231,4,29024.239,0.8984231095579975,4
119.81261,8,29062.145897,1.1981260879990823,8
62.012104,4,29100.297087,0.6201210558567078,4
119.80205,32,29137.765629,1.1980204989970389,32
117.55824,16,29174.728895,1.1755824206864258,16
113.87661,16,29213.041292,1.138766106668236,16
0.18081392,4,29252.529722,0.0018081392232423288,4
112.99934,32,29291.05672,1.1299933444953816,32
119.65139,8,29330.400261,1.1965139252019161,8
119.34156,16,29367.986868,1.193415627761029,16
119.95113,32,29405.818104,1.1995113532690262,32
109.31243,16,29444.241357,1.0931243014965528,16
82.44878,8,29480.770717,0.8244877577561313,8
103.4351,16,29520.732394,1.034350936417625,16
83.09764,16,29558.980502,0.8309764243325433,16
48.65491,4,29594.680091,0.48654909682383896,4
112.5212,8,29633.078699,1.1252119847847375,8
108.87663,4,29669.894459,1.088766310636226,4
92.93018,8,29707.845669,0.9293018387286037,8
96.61106,4,29744.68504,0.9661106189534406,4
119.871056,4,29782.493521,1.1987105696204792,4
116.741936,32,29822.572891,1.1674193244473625,32
0.0,4,29822.589346,0.0,4
76.53472,32,29859.380955,0.76534717645407,32
115.15813,4,29898.33757,1.151581251032537,4
103.902245,16,29936.55222,1.0390224298238615,16
76.30424,4,29972.570395,0.763042343497084,4
100.186035,32,30011.191667,1.0018603460817916,32
0.0,8,30011.233359,0.0,8
112.61228,8,30049.165259,1.1261228086131403,8
58.773663,16,30089.050844,0.5877366180495815,16
92.49879,4,30126.755017,0.9249878494317161,4
0.0,32,30164.849427,0.0,32
119.89659,32,30203.990314,1.1989659021390675,32
101.31811,8,30242.2278,1.013181111804015,8
119.827774,8,30279.514964,1.1982777548683865,8
115.65641,4,30318.711297,1.1565641289511048,4
115.984665,32,30356.84817,1.1598466791603133,32
119.846054,4,30395.486377,1.198460526826723,4
0.0,4,30395.512523,0.0,4
119.68213,16,30434.455494,1.1968212647575116,16
119.54311,32,30473.924175,1.195431126467217,32
103.44313,16,30512.654558,1.03443132230054,16
119.87454,8,30549.668615,1.1987454506021975,8
64.54478,16,30588.766697,0.645447784913177,16
67.36238,32,30626.011996,0.673623820106844,32
119.66442,16,30664.27864,1.196644232816939,16
113.07287,16,30702.792315,1.1307286620436436,16
64.52471,4,30741.319508,0.6452470881326605,4
80.11263,32,30781.265966,0.8011262995711529,32
85.87571,32,30818.858264,0.8587570717117549,32
67.39032,32,30858.810475,0.6739031689508375,32
52.252125,4,30895.069313,0.522521258426064,4
72.86984,8,30931.790936,0.7286984330507517,8
89.66451,8,30970.94551,0.8966451367118103,8
65.481514,16,31008.974073,0.6548151206939804,16
95.53399,32,31049.191491,0.9553398626417825,32
119.82182,8,31088.78287,1.1982182586814945,8
9.74154,32,31127.73812,0.09741540045161944,32
87.930725,32,31167.265471,0.8793072509761257,32
78.95473,32,31205.360142,0.7895472577854473,32
119.7293,32,31245.329686,1.1972930392248298,32
104.56598,32,31283.153021,1.0456597875805111,32
108.09517,16,31321.356697,1.0809517054607425,16
86.35411,4,31360.894225,0.8635411093194864,4
87.77547,32,31400.09289,0.8777547046309261,32
112.16069,32,31440.466463,1.1216069214483506,32
118.10871,8,31478.734208,1.1810871091076407,8
66.45166,16,31517.741463,0.6645166236261968,16
26.14464,4,31555.809634,0.26144639380970136,4
99.21238,4,31593.514435,0.9921238119100062,4
119.6724,16,31632.709058,1.1967240380631878,16
98.58342,8,31672.476834,0.9858342115083483,8
98.74633,8,31710.802704,0.9874633377757225,8
103.904274,8,31748.165699,1.0390427114436516,8
82.498405,4,31787.027109,0.8249840417012201,4
77.11849,4,31823.885959,0.7711849585273648,4
117.663475,4,31860.138144,1.176634771451575,4
0.0,4,31860.148806,0.0,4
71.498474,8,31898.712516,0.7149847240272516,8
115.6702,32,31937.926798,1.156701999712617,32
106.38739,32,31977.368103,1.0638738733782975,32
116.283745,8,32015.185224,1.162837461838295,8
97.103645,8,32054.221717,0.9710364846092078,8
108.552895,32,32093.754263,1.085528979369136,32
119.96072,8,32131.782256,1.1996071887191813,8
116.08718,32,32171.486244,1.1608718053707625,32
67.87715,4,32210.885968,0.6787715292703099,4
57.695904,4,32251.220588,0.5769590550972978,4
105.583664,8,32288.455284,1.055836604466098,8
79.339424,32,32326.87233,0.7933942363292178,32
108.08815,32,32367.023703,1.0808814902509656,32
67.62214,4,32405.871927,0.676221417854523,4
98.32646,8,32445.16234,0.9832646160689769,8
75.35904,16,32483.501014,0.7535904051041334,16
0.0,32,32523.186139,0.0,32
117.60047,32,32560.518504,1.1760047092519843,32
119.95154,16,32598.264889,1.199515414260465,16
97.04571,4,32635.881769,0.9704570853968064,4
119.750854,32,32674.328104,1.1975085647468078,32
62.22878,8,32711.591514,0.6222877715924042,8
81.895424,32,32751.245971,0.8189542046356768,32
78.858925,8,32789.090794,0.7885892136885314,8
108.35562,16,32826.862022,1.083556214364138,16
108.716095,8,32867.001314,1.0871609453252777,8
46.95313,16,32905.901333,0.469531274131456,16
80.85919,16,32945.136497,0.8085918904187136,16
2.7374327,32,32982.986126,0.027374326194108217,32
119.91986,16,33020.866761,1.1991986452633012,16
119.07545,32,33058.869034,1.1907544923945754,32
91.864914,8,33097.082933,0.9186491690845544,8
119.96412,8,33135.444643,1.1996411883480183,8
119.92101,4,33174.192891,1.1992101533952253,4
113.42874,4,33212.640328,1.1342873967774558,4
119.83543,8,33250.75329,1.198354301426214,8
87.40394,32,33290.105497,0.8740393542091992,32
0.83886015,16,33327.363787,0.008388601436718369,16
109.945045,32,33365.853873,1.099450487387277,32
114.41836,32,33403.752294,1.1441835567350465,32
100.94794,8,33441.793811,1.009479348956554,8
78.52351,8,33480.816949,0.7852351707195462,8
119.9514,4,33518.43044,1.1995140075643056,4
47.515118,16,33558.065243,0.4751511696426305,16
96.47259,32,33597.206049,0.9647258636217617,32
109.17223,8,33636.095517,1.091722336295272,8
99.32069,32,33674.962585,0.9932068970912078,32
101.2193,32,33711.931541,1.0121929901993567,32
119.69923,16,33748.125175,1.1969922856775548,16
74.81624,8,33786.141782,0.7481624082584692,8
119.9841,8,33825.225375,1.1998410399378534,8
0.0,8,33865.894445,0.0,8
2.5231187,16,33904.933476,0.025231186446900103,16
1.3979187,32,33944.226769,0.013979186991973919,32
52.25117,32,33981.131677,0.5225117290890722,32
63.428684,32,34020.161103,0.6342868494117792,32
75.95289,16,34059.019033,0.7595288819486243,16
107.56792,16,34098.874985,1.0756791403458057,16
1.3397962,16,34136.479706,0.013397961574453462,16
104.3843,8,34175.814166,1.043842968969169,8
56.824757,16,34215.498946,0.5682475673152717,16
53.9471,16,34253.911629,0.5394710218156976,16
2.0491068,32,34293.234094,0.020491068688350916,32
0.0,4,34293.861607,0.0,4
72.17974,16,34333.623583,0.7217974171932651,16
0.0,4,34333.656161,0.0,4
107.45265,4,34374.329156,1.0745265134199682,4
110.47073,32,34411.868219,1.10470730776977,32
47.61304,4,34451.478893,0.47613042333651584,4
2.7333279,32,34489.662944,0.027333279119405893,32
0.3694299,4,34523.359262,0.0036942987274955247,4
100.003654,16,34561.625993,1.0000365706392254,16
119.944824,8,34600.641145,1.199448261546596,8
93.431335,32,34640.024804,0.9343133505835785,32
89.94967,4,34677.235872,0.8994967165370106,4
89.91454,4,34717.308249,0.899145408356888,4
119.96509,4,34754.907367,1.1996509068578851,4
89.29651,8,34793.838275,0.8929651248296055,8
80.859344,4,34830.807275,0.8085934639583829,4
78.69579,8,34868.863716,0.7869579607709811,8
93.7195,16,34909.196918,0.9371949579037371,16
114.71935,4,34945.994037,1.1471934892098468,4
87.827545,4,34985.777677,0.8782754739404215,4
116.32698,32,35023.843722,1.1632697746919258,32
56.534626,4,35063.423033,0.5653462417625372,4
70.884476,8,35100.027468,0.7088447869045106,8
119.95183,4,35138.550278,1.1995182673033913,4
100.31113,16,35176.247645,1.0031112730899494,16
119.87663,4,35214.945682,1.1987663546883847,4
77.24815,16,35253.785501,0.7724815599511705,16
119.96789,4,35293.537755,1.1996788777167238,4
60.40484,8,35332.747827,0.6040483678330882,8
2.4291384,16,35370.389565,0.024291384582804713,16
119.91236,4,35409.467333,1.1991236365960254,4
0.5717477,16,35445.918423,0.005717477043409504,16
56.005074,8,35483.830709,0.5600507318408864,8
93.10399,4,35521.518476,0.9310398540559223,4
114.86559,16,35559.172114,1.1486559481124494,16
87.60214,32,35598.716228,0.8760214273414387,32
86.22305,16,35637.231641,0.862230564146003,16
4.165667,32,35674.925309,0.04165667077692842,32
59.164394,4,35715.279776,0.5916439601880144,4
2.4152958,32,35754.132852,0.024152958504160712,32
111.38871,16,35792.581379,1.1138871051700496,16
101.857895,32,35831.362415,1.0185789763878037,32
74.25893,32,35869.277881,0.742589251420937,32
107.91964,8,35906.527712,1.0791963620482725,8
95.667946,8,35946.356987,0.9566794553596621,8
119.930695,8,35985.240557,1.1993069786366786,8
0.7012027,16,36022.077646,0.007012026619953013,16
116.30096,4,36060.370076,1.1630095939501084,4
82.674355,16,36097.796407,0.826743532001148,16
84.6988,4,36136.582675,0.8469880038541219,4
5.2501717,32,36174.33584,0.05250171692609626,32
102.858215,8,36214.372752,1.028582168582674,8
69.8137,8,36255.563152,0.6981369606795651,8
65.64518,4,36292.918791,0.6564518245317582,4
2.9713383,32,36331.900653,0.029713382038871597,32
53.750187,32,36370.936442,0.5375018743032796,32
0.2511661,4,36406.533676,0.002511661040227855,4
54.32305,32,36447.158394,0.5432305062815519,32
109.81427,32,36486.859128,1.0981427282221807,32
118.99403,32,36527.072233,1.1899403372602348,32
1.8888011,32,36565.532838,0.018888011098042095,32
119.7057,8,36603.247763,1.197057043541825,8
113.475296,16,36639.764329,1.1347529780648153,16
88.9058,8,36677.054845,0.8890579803745959,8
96.94698,16,36715.397614,0.9694698593723345,16
55.988014,4,36752.550308,0.5598801568824624,4
103.982834,16,36790.540655,1.0398283272869264,16
70.37462,16,36831.139951,0.7037462126853258,16
104.39334,16,36869.10128,1.0439333899290444,16
34.16788,32,36908.248081,0.3416788154109537,32
115.29229,16,36948.857507,1.1529228829838476,16
107.29783,4,36987.778897,1.0729783009051397,4
54.873165,16,37025.735147,0.5487316352182918,16
1.1530906,32,37064.5637,0.01153090580867349,32
105.26298,4,37098.652936,1.0526297456715836,4
36.243786,4,37138.160681,0.3624378508201153,4
74.53586,32,37177.282711,0.7453585620085791,32
1.6898247,16,37215.297319,0.01689824751733211,16
95.99773,8,37256.027318,0.9599772605663358,8
107.10641,8,37293.770783,1.0710640462552146,8
94.172516,16,37333.310839,0.9417251908543234,16
49.361023,16,37371.137381,0.49361023718029484,16
111.96616,8,37408.412441,1.1196616596989974,8
2.9024591,32,37448.072683,0.029024592048694675,32
78.9816,8,37487.042669,0.7898160127407082,8
91.489296,8,37525.411065,0.9148929867268293,8
107.58617,8,37564.503342,1.0758616390479439,8
0.0,4,37564.522144,0.0,4
57.265438,8,37603.682749,0.572654363189786,8
82.52646,32,37642.247941,0.8252645521923189,32
114.489845,4,37680.654476,1.1448984184455573,4
101.02662,4,37719.164428,1.0102662226610983,4
0.40619346,4,37756.152785,0.0040619347351545385,4
119.70959,16,37795.485291,1.1970958398486862,16
0.7898088,16,37833.687403,0.007898088330192218,16
118.337616,8,37871.272556,1.1833761461794765,8
2.8915017,16,37910.489909,0.028915017274822777,16
118.96874,32,37947.366691,1.1896873897815383,32
103.53702,8,37987.269216,1.0353701729532845,8
58.17555,32,38026.338555,0.581755479373044,32
102.22176,4,38065.459968,1.0222176041076598,4
88.594284,4,38104.10545,0.8859428343678272,4
119.99968,8,38142.425205,1.1999967864441734,8
119.98407,8,38182.425539,1.199840717345465,8
117.02699,4,38221.608685,1.1702699303610478,4
112.319046,4,38256.40074,1.123190498064191,4
104.721245,16,38295.134866,1.047212444582087,16
104.31349,4,38334.312758,1.0431349481987833,4
119.96882,4,38373.349386,1.1996881767302041,4
1.1341386,16,38411.856495,0.01134138582603255,16
116.35858,16,38448.939912,1.1635857927311317,16
80.11295,8,38486.780253,0.8011295417083582,8
114.25998,16,38525.273983,1.1425997917531663,16
94.482254,4,38562.851722,0.9448225193985725,4
0.9822605,8,38599.007979,0.009822605304042829,8
106.33598,16,38635.986103,1.0633598230072554,16
81.095894,4,38673.879313,0.8109589106211758,4
115.96141,8,38711.903219,1.1596141061700156,8
80.68117,16,38748.392065,0.8068117131428215,16
117.44606,16,38786.686425,1.1744606067391976,16
109.863754,16,38824.835172,1.0986375304756366,16
51.30447,8,38862.557617,0.5130447111840346,8
2.0076814,32,38902.88155,0.0200768140086824,32
117.71926,8,38941.669506,1.177192593956721,8
106.27945,32,38978.899053,1.0627944850324278,32
0.76902854,8,39017.190385,0.00769028562396204,8
0.0,4,39056.49532,0.0,4
1.5784825,32,39096.567559,0.015784824672946667,32
102.84562,4,39136.78461,1.0284562044778647,4
92.47261,4,39174.378055,0.9247261319864126,4
100.249695,4,39214.535058,1.0024969272978468,4
119.365036,32,39252.900996,1.1936503506682932,32
91.723335,16,39291.243854,0.9172333267523874,16
119.81804,8,39329.875573,1.1981804140388206,8
5.168768,32,39370.259948,0.05168768035595245,32
111.334724,32,39406.809991,1.1133472131125624,32
94.491875,16,39445.470241,0.9449187826300541,16
117.9257,4,39485.611649,1.179256987948784,4
64.531624,16,39524.243069,0.6453162181988505,16
83.353546,8,39561.709164,0.8335354827167297,8
94.000496,16,39599.246987,0.9400049552645456,16
1.4767612,16,39638.117158,0.014767612047126568,16
91.03675,16,39674.958385,0.9103674765405396,16
120.001396,4,39712.733041,1.2000139292421783,4
4.2969413,32,39749.159575,0.042969412621554785,32
3.348679,32,39786.127089,0.03348679101631343,32
66.20965,8,39826.542304,0.6620964679558954,8
105.935974,32,39863.449642,1.0593597770456833,32
101.66072,16,39901.220452,1.0166071937369972,16
109.47456,4,39940.643659,1.0947456271132436,4
63.832893,8,39979.287274,0.6383289165459956,8
93.632904,8,40017.620339,0.9363290662443916,8
95.946434,8,40056.340698,0.9594643277250396,8
89.82214,8,40093.62411,0.8982214287611606,8
70.090675,16,40128.870914,0.7009067809608053,16
1.5146732,32,40167.005511,0.015146732349908616,32
50.440308,4,40203.525081,0.5044030628542068,4
113.03466,8,40240.49898,1.130346583254207,8
119.70769,32,40276.901369,1.1970769108868047,32
0.18379822,4,40312.39371,0.0018379822364317229,4
119.883835,4,40350.346645,1.1988383253390995,4
119.45286,16,40388.294886,1.1945285914081964,16
57.944073,16,40425.88891,0.5794407274272148,16
119.884705,4,40458.479839,1.1988470799078108,4
0.39094737,8,40492.234295,0.003909473673446886,8
105.24425,32,40528.989498,1.052442442042244,32
1.1282408,16,40566.516774,0.011282407677066664,16
95.140915,16,40605.273723,0.9514091806324406,16
0.0,4,40605.297636,0.0,4
73.98602,8,40643.68375,0.7398602132328621,8
53.488373,16,40683.369503,0.5348837320409047,16
5.140623,32,40722.041887,0.051406229152354585,32
115.4242,4,40759.490342,1.154242035906736,4
96.49726,4,40797.703872,0.9649726127669621,4
1.5175898,16,40834.348374,0.015175898006792725,16
83.069145,4,40874.813796,0.8306914870874043,4
86.09198,4,40911.371438,0.860919802004924,4
52.085285,32,40949.056902,0.5208528369338031,32
0.35174653,8,40986.524672,0.0035174654109893437,8
83.35791,16,41025.795899,0.8335791016199412,16
73.690094,8,41066.023639,0.7369009185292926,8
37.90836,16,41104.738808,0.37908359767521044,16
96.0941,16,41142.950374,0.9609410111973581,16
35.307655,16,41180.2933,0.35307656652455816,16
0.5863018,8,41216.757692,0.005863018022288189,8
69.99708,16,41255.30304,0.6999707797271773,16
103.61176,4,41295.011887,1.0361176259226752,4
102.369576,32,41334.720217,1.023695746404504,32
58.98207,4,41372.956122,0.5898207170008719,4
99.159225,4,41413.312752,0.9915922197761511,4
2.8664188,32,41452.529896,0.028664189133416527,32
78.652054,8,41491.172865,0.786520572667424,8
119.84146,8,41531.340394,1.19841462164686,8
101.20289,4,41570.853309,1.0120288690396206,4
87.19693,4,41607.558988,0.87196933706012,4
6.465742,32,41647.248227,0.06465742330783246,32
72.84903,32,41684.79585,0.7284903283480855,32
1.6286374,32,41723.126699,0.016286374893997296,32
107.17982,4,41758.82488,1.0717981554257434,4
4.871038,16,41798.521048,0.04871037863566259,16
74.743286,8,41837.733463,0.7474328501273759,8
111.69819,8,41876.551807,1.116981900368575,8
119.89539,4,41914.244066,1.1989539226182109,4
114.48981,16,41951.407997,1.1448980490454894,16
109.65814,8,41989.332603,1.0965813941352482,8
0.15645668,4,42024.501735,0.0015645667742708181,4
0.77435267,8,42061.357162,0.007743526927868966,8
67.93489,16,42098.991524,0.6793489279808843,16
0.0,16,42138.628767,0.0,16
115.35389,4,42178.036288,1.1535389014251456,4
113.43906,8,42215.201764,1.134390600721068,8
114.416954,4,42252.313435,1.1441695255384319,4
31.497602,4,42290.400759,0.31497602827301147,4
100.70309,4,42327.378311,1.0070308840959319,4
119.92439,8,42365.663768,1.1992439186186037,8
119.7089,16,42403.782787,1.1970890376081125,16
85.65777,4,42439.065016,0.8565776488531509,4
0.76249194,8,42476.670029,0.0076249191822627274,8
119.90903,4,42514.794509,1.1990902879762255,4
60.35994,4,42554.415626,0.6035994007608788,4
119.64547,32,42591.525906,1.1964547303403346,32
1.0901397,8,42628.623407,0.010901397631643543,8
115.64249,8,42667.855288,1.1564248710783451,8
119.43118,32,42705.844305,1.1943118114917788,32
119.88993,4,42745.8979,1.1988992751020693,4
119.87689,4,42786.481857,1.1987689181597254,4
103.172615,8,42826.457225,1.031726140823537,8
3.7033806,32,42864.729502,0.03703380609300257,32
72.4887,16,42901.639272,0.7248869944272118,16
84.485855,32,42941.146863,0.8448585845841445,32
81.87209,8,42980.227457,0.8187209020950382,8
4.1092205,32,43019.438771,0.04109220710653542,32
72.04755,8,43058.913698,0.7204754949369394,8
119.873505,16,43098.25231,1.198735010265437,16
95.07314,32,43137.038712,0.9507314159633482,32
108.82697,4,43173.062322,1.088269723144299,4
46.19884,8,43211.821031,0.4619883997681861,8
1.2551281,32,43250.165684,0.012551281308529042,32
18.011806,32,43290.088359,0.1801180720271972,32
1.3369124,32,43328.81092,0.013369123345791751,32
110.64131,8,43368.099454,1.1064131022248502,8
85.0322,16,43406.091749,0.850322072801672,16
119.6689,16,43445.331303,1.1966890095290557,16
78.08115,8,43483.211438,0.7808114417261556,8
119.91312,4,43522.990419,1.1991311358632077,4
98.12159,8,43561.694997,0.9812158728261594,8
118.73498,32,43601.587761,1.1873497982209025,32
115.14358,16,43640.466992,1.1514357951181722,16
107.74759,16,43679.465058,1.0774759207865192,16
0.0,4,43719.51163,0.0,4
0.26882246,8,43757.91043,0.0026882245570467914,8
0.6356362,16,43796.582565,0.006356362151865037,16
103.704,16,43834.542059,1.0370399874698664,16
119.47043,32,43874.005117,1.1947042681675648,32
86.187164,32,43912.930649,0.8618716657072149,32
105.0275,8,43949.75413,1.0502749947691723,8
97.33427,8,43987.250333,0.9733426889477997,8
111.38779,8,44027.293894,1.1138778585003826,8
119.717384,32,44066.426049,1.1971738439422204,32
100.79294,8,44105.139446,1.007929368830378,8
119.9527,4,44145.505827,1.1995269759679186,4
0.20841351,4,44180.859127,0.0020841351374619693,4
103.24063,4,44218.225685,1.0324062751184668,4
52.417946,32,44257.436023,0.5241794716971068,32
88.25392,8,44295.410161,0.8825392211688422,8
49.748066,8,44334.627955,0.49748064917637563,8
107.793976,32,44373.179548,1.0779397778578854,32
45.627335,32,44412.424318,0.4562733513800125,32
103.869156,32,44451.982279,1.0386915709348004,32
118.43129,8,44490.313002,1.1843129085469197,8
104.32217,16,44528.401022,1.0432216436412356,16
54.074623,32,44564.870989,0.5407462391105841,32
119.85699,8,44602.783792,1.1985698941992122,8
0.3656207,4,44639.445844,0.003656207085750646,4
1.1052605,16,44678.134011,0.011052604378081303,16
60.567204,4,44717.655652,0.6056720469599205,4
88.212555,32,44755.150312,0.8821255866517732,32
118.30834,8,44793.185725,1.1830833939364793,8
64.86506,32,44831.616358,0.6486505742117928,32
119.967186,4,44869.266694,1.199671845554597,4
84.68302,32,44908.343992,0.8468302120281881,32
57.634117,4,44948.369617,0.5763411598098034,4
119.11534,32,44986.924637,1.191153399091439,32
81.69364,32,45025.094198,0.8169363905745428,32
111.18724,32,45061.654316,1.1118724320373916,32
89.32768,32,45100.286917,0.8932768401312338,32
2.0729458,16,45139.010225,0.02072945784486158,16
89.178185,16,45179.111721,0.8917818199311255,16
82.53022,4,45216.014983,0.8253022199177823,4
79.34248,4,45255.750602,0.7934248696799514,4
80.60204,4,45293.35908,0.8060204155460584,4
2.1455433,32,45332.091389,0.021455433236264167,32
104.18209,32,45371.405639,1.0418208719669495,32
50.837605,32,45412.350314,0.5083760373810443,32
117.25201,8,45451.538698,1.1725200427001736,8
90.40888,16,45491.006094,0.9040888087984632,16
88.49881,32,45530.126749,0.8849880908957135,32
97.83453,16,45567.92175,0.9783453743955737,16
119.96617,4,45608.775806,1.1996617469262578,4
77.565254,4,45648.46225,0.7756525413181324,4
119.44134,8,45687.342688,1.1944133945764706,8
86.53973,4,45727.425112,0.8653972530348804,4
102.29563,4,45765.21654,1.0229562782743808,4
118.649506,32,45804.293718,1.1864950670484093,32
88.91555,16,45844.327468,0.8891554758893325,16
90.126305,4,45883.065725,0.9012630590642463,4
1.1582147,32,45923.23422,0.011582147071592596,32
96.4796,8,45962.589585,0.9647960169516787,8
108.89767,8,45999.133466,1.0889766486733519,8
43.011032,32,46036.235943,0.4301103318285128,32
117.207344,4,46077.490438,1.1720734539058622,4
58.57844,4,46119.853028,0.5857844185333245,4
107.82075,4,46160.811336,1.0782074701218285,4
32.99277,8,46201.025371,0.3299277012929265,8
106.48906,16,46239.923783,1.0648905566539362,16
111.77288,8,46279.962019,1.1177288196288773,8
57.92404,16,46319.840873,0.5792404351072413,16
0.0,4,46319.866986,0.0,4
66.506134,4,46358.92311,0.6650613118591673,4
119.71099,16,46399.875818,1.1971098793466577,16
114.562805,4,46440.463705,1.1456280224855888,4
3.0959558,32,46477.459704,0.03095955837352858,32
116.39286,16,46517.542231,1.1639285971543785,16
119.68213,32,46555.634219,1.1968212674509344,32
91.07196,32,46595.869242,0.9107196183721449,32
2.945921,32,46634.689562,0.029459208596694014,32
119.786514,16,46673.845344,1.1978651109025293,16
1.5840406,32,46714.134436,0.01584040663103338,32
109.347435,4,46755.61188,1.0934743851901132,4
65.867714,16,46784.831356,0.6586771231687174,16
95.5649,8,46816.440949,0.9556490040475983,8
71.30352,8,46843.922376,0.713035170847113,8
47.30102,8,46882.472997,0.4730102231769423,8
108.19768,4,46907.802954,1.0819767770803088,4
0.0,8,46932.173729,0.0,8
114.05364,4,46955.692931,1.1405363987596855,4
114.77076,4,46979.248717,1.147707580477426,4
92.58823,16,47002.106272,0.9258822545451111,16
59.177185,16,47024.935094,0.5917718462959194,16
117.533356,32,47047.080094,1.1753335791717325,32
92.54066,16,47070.316029,0.9254065964872574,16
0.0,32,47092.14188,0.0,32
92.46887,8,47117.194214,0.9246887179487078,8
71.925064,32,47141.649953,0.7192506742181674,32
46.52858,32,47165.639454,0.46528578341594196,32
0.0,4,47165.670107,0.0,4
119.908226,8,47189.493932,1.1990822254093163,8
5.59064,32,47212.163645,0.05590640006874459,32
79.1716,32,47236.028698,0.791716016047821,32
111.62218,8,47259.468958,1.116221742184764,8
0.0,4,47282.497717,0.0,4
119.75847,16,47305.537861,1.1975847074636077,16
82.20033,4,47328.850327,0.8220032904582659,4
89.99525,16,47353.373092,0.8999524924716548,16
113.64581,16,47376.702148,1.1364581572838068,16
0.0,4,47376.721793,0.0,4
0.0,16,47399.777676,0.0,16
85.84633,4,47422.26246,0.8584633067863862,4
119.14236,4,47445.694358,1.191423574118226,4
0.0,16,47469.805328,0.0,16
115.049126,16,47494.001919,1.1504912636826556,16
33.68169,8,47517.991755,0.33681691134024266,8
117.940735,16,47541.155191,1.179407362940752,16
119.84782,16,47564.07761,1.1984781958527386,16
103.62932,4,47587.694318,1.0362932182686495,4
63.082672,8,47611.492772,0.6308267161577286,8
0.0,4,47611.508807,0.0,4
101.65159,4,47635.1963,1.016515877405428,4
112.68229,16,47659.117452,1.1268229077243037,16
86.51521,4,47683.294344,0.865152152512244,4
49.444202,16,47707.933693,0.4944420397727288,16
111.09614,8,47732.405153,1.1109613852652707,8
44.424255,4,47755.503026,0.4442425631196967,4
119.81371,8,47779.118191,1.1981371115265413,8
2.3700845,32,47801.873996,0.023700844989092362,32
88.150276,16,47824.752062,0.8815027754431128,16
82.862755,4,47848.742498,0.8286275454970891,4
93.29346,8,47872.198694,0.9329346079843186,8
54.881275,16,47895.742742,0.5488127471393421,16
2.8855648,32,47917.145529,0.028855647564063933,32
5.768211,32,47940.471227,0.05768210733887828,32
112.46497,8,47963.16048,1.1246497171278953,8
38.614056,16,47986.525356,0.3861405461970144,16
93.67334,4,48008.87089,0.9367333984417845,4
119.90299,16,48031.958313,1.1990299598292904,16
98.16192,4,48055.157737,0.9816191995862261,4
77.58893,4,48077.754665,0.7758892798764931,4
83.996765,8,48100.429105,0.8399676793298587,8
74.62623,4,48122.596339,0.7462622789726108,4
93.96055,8,48144.688998,0.9396054657713456,8
119.85311,4,48166.839468,1.1985310902620954,4
76.44935,16,48190.60754,0.7644934564061212,16
109.2977,4,48216.308084,1.0929769591860283,4
3.753642,32,48240.244728,0.03753642047261874,32
93.63908,32,48263.403332,0.9363907876231407,32
119.822014,4,48288.731845,1.1982201107077946,4
108.08482,8,48314.014435,1.0808482486790714,8
57.371994,4,48339.057351,0.5737199340919752,4
116.27313,4,48365.343058,1.162731323335547,4
59.533882,4,48392.407923,0.5953388243170101,4
0.7047044,16,48414.411545,0.00704704375546831,16
0.0,4,48414.426694,0.0,4
76.392494,8,48437.917274,0.7639249149162697,8
73.53186,4,48474.184751,0.735318575095284,4
82.415535,4,48511.581901,0.8241553189604507,4
74.11319,4,48546.472522,0.7411319143477718,4
118.423515,32,48583.420374,1.1842351342954407,32
52.314957,16,48617.628382,0.5231495763193773,16
119.40473,16,48641.389765,1.1940473160806162,16
76.7068,16,48668.355683,0.7670679954730361,16
0.0,4,48668.370265,0.0,4
2.4801612,32,48695.50554,0.024801611789600074,32
80.94691,4,48724.940868,0.8094690544366113,4
99.3601,8,48754.194262,0.9936010072251164,8
102.265495,4,48783.473524,1.0226549517915389,4
96.330864,16,48806.857427,0.9633086514094993,16
105.70794,16,48829.244463,1.0570793923766624,16
2.5199716,32,48850.392807,0.025199715245404913,32
2.1395485,32,48872.939492,0.021395485613793938,32
119.868286,8,48896.912278,1.1986828575620343,8
2.9938393,32,48918.465567,0.029938391700919158,32
94.73106,16,48941.013695,0.947310598490466,16
72.62599,16,48964.595912,0.726259887909487,16
119.142914,32,48987.024878,1.1914291677737174,32
109.626686,16,49011.278123,1.096266866992767,16
84.72153,4,49036.151657,0.8472153057494165,4
79.923325,8,49059.040232,0.7992332657946025,8
52.15861,8,49083.242301,0.5215861240411366,8
82.85644,8,49107.366307,0.828564368992908,8
